{"accuracy": [0.0799, 0.1226, 0.1226, 0.2353, 0.2353, 0.1789, 0.1789, 0.2808, 0.2808, 0.3281, 0.3281, 0.4709, 0.4709, 0.4196, 0.4196, 0.5711, 0.5711, 0.453, 0.453, 0.6201, 0.6201, 0.4939, 0.4939, 0.6184, 0.6184, 0.4934, 0.4934, 0.5919, 0.5919, 0.5297, 0.5297, 0.5533, 0.5533, 0.5086, 0.5086, 0.5878, 0.5878, 0.5302, 0.5302, 0.6192, 0.6192, 0.5479, 0.5479, 0.6058, 0.6058, 0.609, 0.609, 0.6525, 0.6525, 0.6392, 0.6392, 0.6835, 0.6835, 0.6587, 0.6587, 0.7081, 0.7081, 0.6687, 0.6687, 0.7161, 0.7161, 0.6743, 0.6743, 0.7277, 0.7277, 0.6851, 0.6851, 0.7391, 0.7391, 0.702, 0.702, 0.7587, 0.7587, 0.7125, 0.7125, 0.7677, 0.7677, 0.7121, 0.7121, 0.7472, 0.7472, 0.7034, 0.7034, 0.7357, 0.7357, 0.7238, 0.7238, 0.7486, 0.7486, 0.7106, 0.7106, 0.7312, 0.7312, 0.7022, 0.7022, 0.762, 0.762, 0.7272, 0.7272, 0.7614, 0.7614], "loss": [182.16692733764648, 182.27563285827637, 182.27563285827637, 176.52486538887024, 176.52486538887024, 169.23090958595276, 169.23090958595276, 160.63190948963165, 160.63190948963165, 150.80867433547974, 150.80867433547974, 139.58486413955688, 139.58486413955688, 134.8386605978012, 134.8386605978012, 131.7680127620697, 131.7680127620697, 125.71415090560913, 125.71415090560913, 124.1311115026474, 124.1311115026474, 109.40609276294708, 109.40609276294708, 116.96593058109283, 116.96593058109283, 107.62435257434845, 107.62435257434845, 111.20538353919983, 111.20538353919983, 103.19161057472229, 103.19161057472229, 102.98161661624908, 102.98161661624908, 110.6352499127388, 110.6352499127388, 94.25235241651535, 94.25235241651535, 101.95003068447113, 101.95003068447113, 87.20417582988739, 87.20417582988739, 97.41526544094086, 97.41526544094086, 86.48161041736603, 86.48161041736603, 89.90255945920944, 89.90255945920944, 79.41376775503159, 79.41376775503159, 83.587950527668, 83.587950527668, 74.87843590974808, 74.87843590974808, 79.50424188375473, 79.50424188375473, 70.35267606377602, 70.35267606377602, 76.46961045265198, 76.46961045265198, 67.69224831461906, 67.69224831461906, 74.94418656826019, 74.94418656826019, 64.83861249685287, 64.83861249685287, 72.11248803138733, 72.11248803138733, 62.09531828761101, 62.09531828761101, 68.77748361229897, 68.77748361229897, 58.543564438819885, 58.543564438819885, 66.61787715554237, 66.61787715554237, 56.995623499155045, 56.995623499155045, 66.0765163898468, 66.0765163898468, 59.28235101699829, 59.28235101699829, 66.70520269870758, 66.70520269870758, 60.43205073475838, 60.43205073475838, 60.85950434207916, 60.85950434207916, 56.39185318350792, 56.39185318350792, 66.64341148734093, 66.64341148734093, 59.58051919937134, 59.58051919937134, 70.61849620938301, 70.61849620938301, 55.423619747161865, 55.423619747161865, 67.0186116695404, 67.0186116695404, 57.361145466566086, 57.361145466566086]}