{"accuracy": [0.0382, 0.4675, 0.7082, 0.8581, 0.8911, 0.921, 0.9279, 0.942, 0.9581, 0.9483, 0.961, 0.9616, 0.9645, 0.967, 0.9704, 0.9687, 0.9724, 0.9718, 0.9748, 0.9756, 0.9776, 0.9761, 0.9764, 0.9736, 0.9771, 0.9797, 0.9778, 0.9755, 0.9812, 0.9796, 0.983, 0.9787, 0.9829, 0.9771, 0.9819, 0.9815, 0.9834, 0.9827, 0.9808, 0.9806, 0.9825, 0.9815, 0.9853, 0.9837, 0.9851, 0.9835, 0.9841, 0.9848, 0.9827, 0.9842, 0.9838], "loss": [182.2977750301361, 137.53908097743988, 71.79119348526001, 40.19050070643425, 26.65823568403721, 19.16305287182331, 16.899161595851183, 13.557675622403622, 10.501818211749196, 12.512808918952942, 10.042475482448936, 9.29904289636761, 9.025000140070915, 7.893269636202604, 7.238129693083465, 7.6993161626160145, 6.8100468553602695, 7.139581250376068, 6.14631241891766, 5.903957512113266, 5.704381531802937, 5.749996225873474, 6.006905107700732, 6.296535527566448, 5.505920798808802, 5.101219251053408, 5.232333496416686, 5.928532178746536, 4.668747653136961, 5.0239710733585525, 4.468017392617185, 5.535234377515735, 4.5190091936674435, 5.71229263060377, 4.691359147262119, 4.80848249837436, 4.461614887783071, 4.584947458264651, 5.120179823265062, 4.970207765480154, 4.514062366521102, 5.049747472578019, 4.113218417833195, 4.34472159609868, 4.266372223446524, 4.531536951424641, 4.230778555174766, 4.321065991029172, 4.7809012469988375, 4.215027721911611, 4.247184136846045]}