{"accuracy": [0.1019, 0.1363, 0.1363, 0.2037, 0.2037, 0.2914, 0.2914, 0.3011, 0.3011, 0.3141, 0.3141, 0.4106, 0.4106, 0.2751, 0.2751, 0.3223, 0.3223, 0.3253, 0.3253, 0.2639, 0.2639, 0.4013, 0.4013, 0.2881, 0.2881, 0.3588, 0.3588, 0.4032, 0.4032, 0.2602, 0.2602, 0.4661, 0.4661, 0.3314, 0.3314, 0.5144, 0.5144, 0.3965, 0.3965, 0.3694, 0.3694, 0.3723, 0.3723, 0.4338, 0.4338, 0.4261, 0.4261, 0.5171, 0.5171, 0.4445, 0.4445, 0.5035, 0.5035, 0.414, 0.414, 0.4943, 0.4943, 0.4761, 0.4761, 0.5112, 0.5112, 0.4409, 0.4409, 0.5956, 0.5956, 0.5504, 0.5504, 0.5534, 0.5534, 0.4013, 0.4013, 0.6508, 0.6508, 0.5545, 0.5545, 0.622, 0.622, 0.524, 0.524, 0.6006, 0.6006, 0.598, 0.598, 0.6042, 0.6042, 0.6508, 0.6508, 0.6593, 0.6593, 0.6692, 0.6692, 0.6684, 0.6684, 0.6294, 0.6294, 0.6673, 0.6673, 0.6341, 0.6341, 0.6718, 0.6718], "loss": [182.35417246818542, 183.17307233810425, 183.17307233810425, 176.02230048179626, 176.02230048179626, 169.83635532855988, 169.83635532855988, 163.76666378974915, 163.76666378974915, 178.69084537029266, 178.69084537029266, 152.2581751346588, 152.2581751346588, 176.1280153989792, 176.1280153989792, 157.31102871894836, 157.31102871894836, 174.7736440896988, 174.7736440896988, 177.62610983848572, 177.62610983848572, 170.9997307062149, 170.9997307062149, 178.4795446395874, 178.4795446395874, 159.31010854244232, 159.31010854244232, 137.43623530864716, 137.43623530864716, 165.77353513240814, 165.77353513240814, 125.57143604755402, 125.57143604755402, 159.31934988498688, 159.31934988498688, 115.67448616027832, 115.67448616027832, 133.91126930713654, 133.91126930713654, 154.57178950309753, 154.57178950309753, 144.01244592666626, 144.01244592666626, 125.72316181659698, 125.72316181659698, 133.46724367141724, 133.46724367141724, 105.94121325016022, 105.94121325016022, 132.11983001232147, 132.11983001232147, 125.23399913311005, 125.23399913311005, 133.14311730861664, 133.14311730861664, 120.48851978778839, 120.48851978778839, 110.73146617412567, 110.73146617412567, 125.69466024637222, 125.69466024637222, 112.04221618175507, 112.04221618175507, 91.74369150400162, 91.74369150400162, 96.94807744026184, 96.94807744026184, 117.94948887825012, 117.94948887825012, 132.75229680538177, 132.75229680538177, 83.50847709178925, 83.50847709178925, 98.95749914646149, 98.95749914646149, 95.29815423488617, 95.29815423488617, 107.90559267997742, 107.90559267997742, 95.16801989078522, 95.16801989078522, 82.95470690727234, 82.95470690727234, 94.25261723995209, 94.25261723995209, 75.41433084011078, 75.41433084011078, 79.742516040802, 79.742516040802, 70.377332508564, 70.377332508564, 80.80380767583847, 80.80380767583847, 75.70627343654633, 75.70627343654633, 79.7119831442833, 79.7119831442833, 79.22713196277618, 79.22713196277618, 74.99553948640823, 74.99553948640823]}