{"accuracy": [0.0626, 0.3875, 0.5408, 0.6172, 0.693, 0.7581, 0.8157, 0.8483, 0.8391, 0.7995, 0.8654, 0.8747, 0.8764, 0.8795, 0.8801, 0.8818, 0.8749, 0.8959, 0.8958, 0.8982, 0.9041, 0.9066, 0.901, 0.9124, 0.9175, 0.9204, 0.9266, 0.9238, 0.9146, 0.9233, 0.9307, 0.9277, 0.9323, 0.9327, 0.9319, 0.9314, 0.9388, 0.9178, 0.9265, 0.9347, 0.9382, 0.9378, 0.9449, 0.9423, 0.9443, 0.9427, 0.9449, 0.9486, 0.9454, 0.9439, 0.9474], "loss": [182.08314514160156, 152.8491976261139, 113.60445475578308, 89.99958622455597, 65.67104151844978, 51.18951550126076, 41.57112166285515, 35.47710482776165, 36.323481164872646, 44.02608944475651, 31.023703534156084, 29.965424925088882, 30.043152295053005, 27.581943318247795, 27.58296875655651, 28.33029179275036, 30.494581528007984, 24.81894921325147, 24.74750786460936, 24.73762596398592, 22.758904246613383, 22.73395062237978, 24.17980631813407, 21.662339377682656, 20.15764096006751, 19.101452230475843, 17.293005840852857, 17.873982950579375, 21.04760361649096, 18.65547333867289, 16.386164078488946, 17.478734048549086, 16.603137843776494, 16.159590618684888, 16.438852885738015, 16.540520929498598, 14.6916346749058, 20.394423760473728, 18.164034004788846, 16.025493748602457, 14.972819554503076, 15.102461785427295, 13.645624150638469, 14.25736518832855, 13.916296599549241, 14.088335956912488, 13.740479688160121, 12.804999779211357, 13.53697875578655, 13.955174513044767, 13.541704531759024]}