{"accuracy": [0.0986, 0.359, 0.4726, 0.5703, 0.6396, 0.7185, 0.7791, 0.815, 0.852, 0.868, 0.885, 0.8877, 0.9056, 0.9143, 0.9138, 0.9221, 0.9294, 0.9276, 0.9224, 0.9318, 0.9361, 0.9336, 0.9364, 0.9372, 0.9352, 0.9413, 0.9451, 0.9439, 0.9432, 0.9445, 0.9442, 0.9445, 0.9371, 0.945, 0.9507, 0.9469, 0.9505, 0.9503, 0.9485, 0.9491, 0.9511, 0.9534, 0.9586, 0.95, 0.9566, 0.9525, 0.9579, 0.9529, 0.9591, 0.9544, 0.962], "loss": [182.15476179122925, 158.95537555217743, 131.66692471504211, 100.24115443229675, 77.65614771842957, 56.98511081933975, 46.103010803461075, 39.034248389303684, 32.210884772241116, 29.168193839490414, 25.932767417281866, 25.414342362433672, 21.924501914530993, 20.175395557656884, 20.372050998732448, 18.731824960559607, 16.824206124059856, 17.1522982371971, 18.49788936972618, 16.166184587404132, 15.139251034706831, 15.879706222563982, 15.299741137772799, 14.631485534831882, 15.254676768556237, 13.673059446271509, 12.885047386866063, 13.21819551475346, 13.27940364787355, 13.179387441370636, 13.04141914146021, 12.924303128384054, 15.218229830265045, 12.775081183761358, 11.589072350878268, 12.387323101051152, 11.430827946169302, 11.55905547994189, 12.053250346332788, 12.189310111105442, 11.733968074899167, 11.214521070942283, 10.010414902120829, 11.915841265581548, 10.68118064943701, 11.53460715408437, 10.52327286102809, 11.433056900277734, 10.077912839129567, 11.052994834957644, 9.259905606973916]}