{"accuracy": [0.1009, 0.5077, 0.7255, 0.928, 0.8211, 0.9492, 0.8614, 0.9183, 0.8669, 0.9346, 0.9047, 0.969, 0.9415, 0.9682, 0.9616, 0.9649, 0.9695, 0.9623, 0.9757, 0.9562, 0.9774, 0.9586, 0.9751, 0.9777, 0.9756, 0.9751, 0.9723, 0.977, 0.9748, 0.9817, 0.9702, 0.9796, 0.9803, 0.9796, 0.9805, 0.9816, 0.9805, 0.98, 0.9843, 0.9816, 0.9821, 0.9811, 0.9809, 0.9806, 0.9834, 0.9728, 0.9846, 0.9803, 0.9852, 0.984, 0.9861], "loss": [181.7182412147522, 135.8073046207428, 69.24093693494797, 23.61989800632, 37.42466592788696, 14.36945753544569, 30.727476358413696, 17.498340897262096, 38.34522366523743, 15.4719896055758, 21.78073935955763, 8.479449214879423, 13.14630386326462, 7.889989830553532, 9.69870549114421, 8.22581450943835, 7.3398173111490905, 8.84746441245079, 6.243521488737315, 9.881544781615958, 5.627826057141647, 9.81021572346799, 6.472083864733577, 5.577464963775128, 6.00213392887963, 6.322380263591185, 6.840009790001204, 5.817120042949682, 6.249115073675057, 4.9764530104002915, 7.0264131492585875, 5.271002926660003, 4.973051237859181, 5.235890501498943, 5.162141473672818, 4.941323960578302, 5.022962298324273, 5.1244825132598635, 4.387162179118604, 4.952899404728669, 4.90894123839098, 5.0499328164733015, 5.017654392460827, 5.090450206931564, 4.642020102997776, 6.711943716160022, 4.207153298513731, 5.481173782231053, 4.219299711294298, 4.394236729116528, 4.046579632151406]}