{"accuracy": [0.1419, 0.4606, 0.6876, 0.8373, 0.8969, 0.8975, 0.9345, 0.9437, 0.9434, 0.9593, 0.95, 0.9653, 0.9575, 0.9614, 0.9663, 0.9699, 0.9633, 0.9736, 0.9656, 0.973, 0.965, 0.9699, 0.9731, 0.9673, 0.9767, 0.9734, 0.9754, 0.9735, 0.9731, 0.9768, 0.974, 0.9739, 0.9782, 0.9782, 0.9775, 0.9808, 0.9764, 0.9811, 0.975, 0.9772, 0.982, 0.9766, 0.9806, 0.9782, 0.981, 0.9811, 0.9816, 0.9786, 0.9816, 0.9799, 0.9824], "loss": [181.98584270477295, 137.2714296579361, 79.7731419801712, 36.767738074064255, 23.777306392788887, 22.844348832964897, 15.748507000505924, 12.83109131269157, 14.921602943912148, 9.740727110300213, 13.574580452404916, 8.836209889617749, 10.830848081968725, 10.253861810080707, 8.775203933939338, 7.755702066002414, 10.069171733688563, 6.86374515411444, 9.391774694784544, 6.545379758113995, 8.91920020536054, 7.272475192206912, 7.150033864279976, 8.276867048698477, 5.547096735070227, 6.305493821186246, 6.31633060106833, 6.483262560679577, 6.670504526991863, 5.999159379134653, 6.54125848953845, 6.5337443739699665, 5.343015896323777, 5.351295405096607, 5.524820875361911, 4.708073541216436, 6.061487260216381, 4.9113181518769125, 6.3486191668635, 5.967802490064059, 4.501034471788444, 5.996015371085377, 5.021474936162122, 5.282949015308986, 4.723164989809447, 4.961961910204991, 4.425583695359819, 5.812526364665246, 4.886941203061724, 5.231821705587208, 4.7917663730622735]}