{"accuracy": [0.1028, 0.137, 0.2353, 0.4879, 0.5682, 0.5682, 0.215, 0.3714, 0.4875, 0.5021, 0.5021, 0.1905, 0.4614, 0.3861, 0.424, 0.424, 0.3094, 0.4343, 0.4205, 0.4042, 0.4042, 0.4578, 0.426, 0.3961, 0.4519, 0.4519, 0.2928, 0.5914, 0.5369, 0.5255, 0.5255, 0.3083, 0.5649, 0.6083, 0.5299, 0.5299, 0.5669, 0.6517, 0.5232, 0.496, 0.496, 0.442, 0.4732, 0.5062, 0.521, 0.521, 0.4448, 0.4926, 0.5185, 0.5494, 0.5494, 0.7003, 0.6598, 0.5715, 0.5402, 0.5402, 0.5429, 0.5538, 0.5452, 0.5871, 0.5871, 0.5221, 0.5237], "loss": [182.03129768371582, 182.6216275691986, 183.7469494342804, 142.1649875640869, 125.14419281482697, 125.14419281482697, 264.56309509277344, 151.03080797195435, 143.0440171957016, 150.11477708816528, 150.11477708816528, 285.37756085395813, 154.3744639158249, 166.61316084861755, 184.78829038143158, 184.78829038143158, 286.0589098930359, 179.80114996433258, 135.36592841148376, 133.32094013690948, 133.32094013690948, 169.67758536338806, 134.06082022190094, 142.53391790390015, 156.2353399991989, 156.2353399991989, 275.26238560676575, 142.8415310382843, 107.19709634780884, 119.76646792888641, 119.76646792888641, 249.24571633338928, 117.55973362922668, 93.29269605875015, 118.63917434215546, 118.63917434215546, 173.69093585014343, 133.2795205116272, 158.2321070432663, 152.47382712364197, 152.47382712364197, 160.8395265340805, 115.03409922122955, 111.02357810735703, 119.2861555814743, 119.2861555814743, 206.9204797744751, 140.88981127738953, 106.02959060668945, 95.42123299837112, 95.42123299837112, 68.00947070121765, 84.10733294487, 98.15961647033691, 108.19997841119766, 108.19997841119766, 108.8251348733902, 111.27317541837692, 106.50947922468185, 100.1319009065628, 100.1319009065628, 221.7203334569931, 184.5278741121292]}