{"accuracy": [0.0828, 0.0959, 0.0959, 0.109, 0.109, 0.1452, 0.1452, 0.1959, 0.1959, 0.2231, 0.2231, 0.2371, 0.2371, 0.2573, 0.2573, 0.294, 0.294, 0.3264, 0.3264, 0.3482, 0.3482, 0.3636, 0.3636, 0.3777, 0.3777, 0.3918, 0.3918, 0.4066, 0.4066, 0.4196, 0.4196, 0.4304, 0.4304, 0.4558, 0.4558, 0.4883, 0.4883, 0.5238, 0.5238, 0.5626, 0.5626, 0.5918, 0.5918, 0.6145, 0.6145, 0.6308, 0.6308, 0.6442, 0.6442, 0.6595, 0.6595, 0.6673, 0.6673, 0.6802, 0.6802, 0.6863, 0.6863, 0.6979, 0.6979, 0.7034, 0.7034, 0.7134, 0.7134, 0.7196, 0.7196, 0.7258, 0.7258, 0.7314, 0.7314, 0.7369, 0.7369, 0.7431, 0.7431, 0.7477, 0.7477, 0.7526, 0.7526, 0.7567, 0.7567, 0.7635, 0.7635, 0.7643, 0.7643, 0.7706, 0.7706, 0.771, 0.771, 0.7721, 0.7721, 0.7719, 0.7719, 0.7761, 0.7761, 0.7742, 0.7742, 0.777, 0.777, 0.7775, 0.7775, 0.7776, 0.7776], "loss": [181.83256268501282, 181.63433456420898, 181.63433456420898, 181.34093832969666, 181.34093832969666, 181.0351903438568, 181.0351903438568, 180.71372079849243, 180.71372079849243, 180.359867811203, 180.359867811203, 179.97239685058594, 179.97239685058594, 179.52327060699463, 179.52327060699463, 178.97481846809387, 178.97481846809387, 178.27855801582336, 178.27855801582336, 177.36235690116882, 177.36235690116882, 176.0862295627594, 176.0862295627594, 174.22866249084473, 174.22866249084473, 171.4151508808136, 171.4151508808136, 167.2169418334961, 167.2169418334961, 161.33286917209625, 161.33286917209625, 154.10339534282684, 154.10339534282684, 146.17262411117554, 146.17262411117554, 138.14962673187256, 138.14962673187256, 130.4171962738037, 130.4171962738037, 123.23222196102142, 123.23222196102142, 116.72245919704437, 116.72245919704437, 110.76451933383942, 110.76451933383942, 105.60368430614471, 105.60368430614471, 100.88916712999344, 100.88916712999344, 96.79063665866852, 96.79063665866852, 92.93775874376297, 92.93775874376297, 89.52336001396179, 89.52336001396179, 86.35580337047577, 86.35580337047577, 83.50089204311371, 83.50089204311371, 80.92093658447266, 80.92093658447266, 78.4827566742897, 78.4827566742897, 76.31405049562454, 76.31405049562454, 74.25694459676743, 74.25694459676743, 72.43634277582169, 72.43634277582169, 70.62161976099014, 70.62161976099014, 69.0286411345005, 69.0286411345005, 67.53174516558647, 67.53174516558647, 66.13444218039513, 66.13444218039513, 64.78070321679115, 64.78070321679115, 63.6027937233448, 63.6027937233448, 62.425861686468124, 62.425861686468124, 61.49014902114868, 61.49014902114868, 60.407690823078156, 60.407690823078156, 59.856416404247284, 59.856416404247284, 58.689901292324066, 58.689901292324066, 58.45929965376854, 58.45929965376854, 57.36727726459503, 57.36727726459503, 57.466774851083755, 57.466774851083755, 56.137223809957504, 56.137223809957504, 56.56851589679718, 56.56851589679718]}