{"accuracy": [0.1074, 0.5486, 0.7659, 0.8643, 0.9032, 0.9219, 0.9277, 0.9318, 0.9509, 0.9514, 0.9469, 0.9582, 0.9593, 0.9623, 0.9635, 0.9725, 0.9702, 0.9735, 0.964, 0.9721, 0.9769, 0.9626, 0.9735, 0.9728, 0.9709, 0.978, 0.9738, 0.9788, 0.9784, 0.9764, 0.9787, 0.9735, 0.9794, 0.9774, 0.9747, 0.9821, 0.9773, 0.9806, 0.9771, 0.981, 0.9818, 0.9828, 0.9809, 0.9818, 0.9811, 0.9814, 0.9835, 0.9843, 0.9785, 0.981, 0.9803], "loss": [182.1718785762787, 127.60151648521423, 61.34441331028938, 31.757199719548225, 22.373060926795006, 17.4745569601655, 17.68677713908255, 16.12275562994182, 11.671264998614788, 11.15740852477029, 12.512857279740274, 9.747923487331718, 9.85960064129904, 8.725448821671307, 9.030483721755445, 6.9115030417451635, 7.138959174742922, 6.337982670986094, 9.144469596911222, 6.809577896667179, 5.5648117862438085, 9.503979085711762, 6.653373641369399, 6.641710564901587, 7.317496847943403, 5.491837706649676, 6.294798331742641, 5.125806360883871, 5.163448143837741, 5.930695068207569, 5.252546430332586, 6.62323011335684, 5.060698232497089, 5.554154827201273, 6.4129002141417, 4.3429305203899276, 5.871438551839674, 4.810421772534028, 5.485023728891974, 4.677360897825565, 4.7211018910384155, 4.328123349376256, 4.7788893712859135, 4.603163880179636, 4.621455268730642, 4.761983126649284, 4.144404735161515, 3.7640880189319432, 5.478640205285046, 4.766253917492577, 5.19202344326186]}