{"accuracy": [0.1032, 0.3395, 0.5419, 0.7039, 0.7474, 0.7474, 0.784, 0.7953, 0.7964, 0.8107, 0.8152, 0.8252, 0.8405, 0.8611, 0.8662, 0.8773, 0.8941, 0.8946, 0.9024, 0.9031, 0.9123, 0.902, 0.9204, 0.9184, 0.9213, 0.9288, 0.9318, 0.9245, 0.9324, 0.9259, 0.933, 0.938, 0.94, 0.9371, 0.9348, 0.9376, 0.9458, 0.9449, 0.9446, 0.9465, 0.946, 0.9456, 0.9456, 0.9471, 0.9509, 0.9509, 0.952, 0.9489, 0.9543, 0.9537, 0.9527], "loss": [181.50873923301697, 148.95471322536469, 119.64642298221588, 99.16025590896606, 88.33585333824158, 78.6643818616867, 68.17361170053482, 60.13208794593811, 53.38244765996933, 47.89938506484032, 43.07943111658096, 37.60317359864712, 34.00478449463844, 29.962730288505554, 29.946362555027008, 26.942430540919304, 23.84215246140957, 24.13006267696619, 21.68772005289793, 21.965280916541815, 20.243984445929527, 22.538155749440193, 18.513454783707857, 18.655811335891485, 18.650904338806868, 16.85869706980884, 16.490145575255156, 18.236433021724224, 16.722998548299074, 17.800692349672318, 17.0427887160331, 15.671108769252896, 15.005896693095565, 15.427339123561978, 15.806456660851836, 15.826711794361472, 14.147866665385664, 14.306566949002445, 14.49977313540876, 14.13004969060421, 14.157082717865705, 14.36015272885561, 14.455096192657948, 13.864441816695035, 13.263189380988479, 12.23058916721493, 13.08991105062887, 13.30875033698976, 12.625394452828914, 12.230849873274565, 12.69435528991744]}