{"accuracy": [0.143, 0.4109, 0.5573, 0.5665, 0.5786, 0.6522, 0.6251, 0.638, 0.7008, 0.7601, 0.7503, 0.7632, 0.7684, 0.7858, 0.7884, 0.7977, 0.8192, 0.8099, 0.8206, 0.8223, 0.8283, 0.8335, 0.8342, 0.8374, 0.8434, 0.8399, 0.8429, 0.8465, 0.8489, 0.8499, 0.8492, 0.8535, 0.8531, 0.8521, 0.8554, 0.8564, 0.8569, 0.8564, 0.8585, 0.8589, 0.8617, 0.8613, 0.8633, 0.8619, 0.8632, 0.8642, 0.8656, 0.8654, 0.867, 0.8645, 0.8679], "loss": [182.36670470237732, 210.899733543396, 232.805668592453, 246.51608300209045, 248.44726252555847, 205.7982782125473, 221.27096247673035, 224.79033255577087, 179.95537221431732, 162.76123309135437, 167.85511910915375, 156.55215573310852, 152.63095045089722, 139.1985193490982, 138.80919754505157, 136.42441129684448, 132.4404286146164, 134.36878818273544, 131.72311943769455, 133.86767780780792, 131.14746099710464, 130.61189234256744, 132.47511506080627, 132.49034655094147, 132.90027368068695, 134.8219764828682, 136.5371531844139, 135.6526346206665, 136.28512650728226, 137.26101052761078, 138.36282128095627, 138.8642418384552, 139.63222241401672, 142.38325917720795, 143.07090020179749, 143.18828284740448, 144.17102390527725, 144.96017080545425, 145.2474728822708, 142.6149246096611, 143.8313301205635, 146.39929008483887, 147.313636302948, 146.17432069778442, 147.30329954624176, 148.90886002779007, 149.82440054416656, 150.58147585391998, 150.31652742624283, 150.5108613371849, 151.49884855747223]}