{"accuracy": [0.1075, 0.1088, 0.1033, 0.3208, 0.4694, 0.4694, 0.3848, 0.4782, 0.5647, 0.4925, 0.4925, 0.5538, 0.5784, 0.5351, 0.5925, 0.5925, 0.5964, 0.6356, 0.5999, 0.5301, 0.5301, 0.5211, 0.5318, 0.6673, 0.7047, 0.7047, 0.5366, 0.5566, 0.5998, 0.5977, 0.5977, 0.5198, 0.4967, 0.5957, 0.6388, 0.6388, 0.55, 0.5944, 0.6161, 0.6079, 0.6079, 0.4858, 0.5503, 0.6186, 0.6308, 0.6308, 0.6594, 0.6773, 0.6836, 0.7214, 0.7214, 0.6312, 0.5888, 0.6234, 0.6617, 0.6617, 0.5497, 0.5891, 0.6243, 0.5927, 0.5927, 0.5541, 0.6055], "loss": [182.30345153808594, 181.66072058677673, 182.55128979682922, 155.20016312599182, 126.6453503370285, 126.6453503370285, 143.4000961780548, 120.31718385219574, 113.94186747074127, 116.19607591629028, 116.19607591629028, 117.34611129760742, 111.36408770084381, 106.25851774215698, 97.68160688877106, 97.68160688877106, 98.400011241436, 85.68318504095078, 89.69397228956223, 105.58131098747253, 105.58131098747253, 111.92169618606567, 106.93836712837219, 79.13764363527298, 74.17588990926743, 74.17588990926743, 114.8923105597496, 102.2477924823761, 87.21282958984375, 88.917973279953, 88.917973279953, 169.24958086013794, 161.70580208301544, 105.0445768237114, 82.75297176837921, 82.75297176837921, 110.03812581300735, 109.86136710643768, 97.7049685716629, 90.02398163080215, 90.02398163080215, 168.13006961345673, 125.28537583351135, 88.94126105308533, 76.87636083364487, 76.87636083364487, 164.63197696208954, 135.4409882426262, 81.9768648147583, 64.3612071275711, 64.3612071275711, 102.63245648145676, 94.09673136472702, 83.21637713909149, 76.40441769361496, 76.40441769361496, 115.79365426301956, 93.43065690994263, 77.93316787481308, 84.49011635780334, 84.49011635780334, 151.94423639774323, 109.50770795345306]}