{"accuracy": [0.0961, 0.1364, 0.1623, 0.3076, 0.5512, 0.5512, 0.3762, 0.3742, 0.485, 0.5112, 0.5112, 0.6003, 0.6743, 0.6561, 0.6074, 0.6074, 0.6045, 0.5839, 0.6957, 0.6884, 0.6884, 0.5423, 0.5492, 0.6166, 0.6258, 0.6258, 0.6268, 0.6216, 0.591, 0.629, 0.629, 0.5089, 0.5208, 0.535, 0.5993, 0.5993, 0.4994, 0.5302, 0.5877, 0.6001, 0.6001, 0.4788, 0.4986, 0.6712, 0.7216, 0.7216, 0.6552, 0.6774, 0.685, 0.7087, 0.7087, 0.5262, 0.5064, 0.5294, 0.5792, 0.5792, 0.5403, 0.5571, 0.6567, 0.6985, 0.6985, 0.624, 0.6227], "loss": [182.1608259677887, 182.36106276512146, 180.001957654953, 158.8712317943573, 126.53378212451935, 126.53378212451935, 161.40554642677307, 136.35213935375214, 123.94357824325562, 120.55071294307709, 120.55071294307709, 109.17279970645905, 93.91724187135696, 89.29974097013474, 89.39513158798218, 89.39513158798218, 86.52333676815033, 86.43741345405579, 78.36970227956772, 81.9522694349289, 81.9522694349289, 130.57097446918488, 119.27149844169617, 83.90593928098679, 84.82154905796051, 84.82154905796051, 136.36194241046906, 128.96483552455902, 112.91630232334137, 92.1118021607399, 92.1118021607399, 133.8764088153839, 129.03023946285248, 112.56771218776703, 98.71927440166473, 98.71927440166473, 175.47859978675842, 153.31424021720886, 119.66897571086884, 96.45823818445206, 96.45823818445206, 166.81594920158386, 120.73608410358429, 75.4084524512291, 70.80867925286293, 70.80867925286293, 77.25388517975807, 74.21189576387405, 69.12400943040848, 63.47773990035057, 63.47773990035057, 181.11723709106445, 160.18622624874115, 128.53702545166016, 113.90094447135925, 113.90094447135925, 133.83713746070862, 108.25201112031937, 73.2692911028862, 63.926203191280365, 63.926203191280365, 87.01981103420258, 88.66925549507141]}