{"accuracy": [0.0922, 0.4826, 0.7305, 0.8779, 0.8907, 0.9112, 0.9211, 0.9388, 0.9191, 0.9339, 0.8935, 0.9384, 0.9439, 0.9686, 0.9698, 0.9681, 0.972, 0.9761, 0.9718, 0.9694, 0.9758, 0.9742, 0.9752, 0.9798, 0.9775, 0.9786, 0.977, 0.9797, 0.9792, 0.9766, 0.9812, 0.9725, 0.9783, 0.9757, 0.9819, 0.9815, 0.9814, 0.9822, 0.9843, 0.9843, 0.9835, 0.9848, 0.9842, 0.9855, 0.984, 0.9847, 0.9856, 0.9843, 0.9851, 0.985, 0.986], "loss": [182.30489563941956, 134.8429582118988, 64.49665582180023, 33.55457590520382, 25.388044640421867, 20.57160460203886, 17.104461137205362, 13.998767841607332, 17.033368840813637, 14.52117526344955, 25.751373194158077, 15.07113678753376, 12.647026844322681, 7.318653971189633, 7.153194227255881, 7.588969310279936, 6.5222885105758905, 5.495262524927966, 6.568768749479204, 6.942632721737027, 5.682203159434721, 6.071473655058071, 5.783883597236127, 4.723708409932442, 5.276815232820809, 5.210634351300541, 5.609291642263997, 4.950283313577529, 5.168368946120609, 5.5842829491593875, 4.948625561031804, 6.4694257765077055, 5.376446304893761, 6.203116653603502, 4.540540921560023, 4.83455147917266, 4.449962292652344, 4.405058683259995, 4.128509389305691, 4.226768434746191, 4.33371489768615, 4.042090812690731, 4.161568291216099, 3.7867390005776542, 4.270497611312749, 4.063452837101067, 4.033101889548561, 3.9922267988149542, 4.090113207235845, 3.9369028382207034, 3.585577616942828]}